From,To
John MacDonald,Thomas: Archbishop of York
John MacDonald,Robert: Bishop of London
John MacDonald,Richard: Bishop of Chichester
John MacDonald,Thomas Mowbray
John MacDonald,Thomas Percy
John MacDonald,William Scrope
John MacDonald,William Scrope
John MacDonald,Baldwin Bereford
Catholicus O'Hanlon,Thomas: Archbishop of York
Catholicus O'Hanlon,Robert: Bishop of London
Catholicus O'Hanlon,Richard: Bishop of Chichester
Catholicus O'Hanlon,Thomas Mowbray
Catholicus O'Hanlon,Thomas Percy
Catholicus O'Hanlon,William Scrope
Donnchadh O'Byrne,Robert: Archbishop of Dublin
Donnchadh O'Byrne,Richard: Bishop of Chichester
Donnchadh O'Byrne,Robert: Bishop of Lismore and Waterford
Donnchadh O'Byrne,William Scrope
Donnchadh O'Byrne,Simon Felbryge
Donnchadh O'Byrne,Baldwin Bereford
Donnchadh O'Byrne,Thomas Mareward
Donnchadh O'Byrne,David Bertevyll
Donnchadh O'Byrne,John: Bishop of Leighlin
Donnchadh O'Byrne,John Golafre
Donnchadh O'Byrne,Lawrence Verkerell
Donnchadh O'Byrne,John Greyly
Donnchadh O'Byrne,Galfredo Vale
Donnchadh O'Byrne,David Wogan
Donnchadh O'Byrne,William Faryndon
Donnchadh O'Byrne,Thomas Clinton
Donnchadh O'Byrne,Nicholas Langford
Donnchadh O'Byrne,Thomas Ilketsale
Donnchadh O'Byrne,Thomas Pykworth
Donnchadh O'Byrne,Alan Penynton
Donnchadh O'Byrne,John Brassebrig
Donnchadh O'Byrne,Edward Perys
Donnchadh O'Byrne,Walter Bytterly
Donnchadh O'Byrne,Edmund Vale
Donnchadh O'Byrne,William Drayton
Donnchadh O'Byrne,John Drayton
Donnchadh O'Byrne,Robert Ley
Art O'Dempsey,Robert: Archbishop of Dublin
Art O'Dempsey,Peter: Archbishop of Cashel
Art O'Dempsey,Richard: Bishop of Chichester
Art O'Dempsey,Tideman: Bishop of Llandaff
Art O'Dempsey,Alexander: Bishop of Meath
Art O'Dempsey,Robert: Bishop of Lismore and Waterford
Art O'Dempsey,Richard: Bishop of Ossory
Art O'Dempsey,Thomas: Bishop of Elphin
Art O'Dempsey,John: Bishop of Leighlin
Art O'Dempsey,Miles: Bishop of Cloyne
Art O'Dempsey,Edward: Earl of Cork and Rutland
Art O'Dempsey,Roger: Earl of March and Ulster
Art O'Dempsey,John Holland
William Beg,Fergal O'Kurryn
William Beg,Robert de Orrey
William Beg,Henry Bekirton
John Nicholson,Fergal O'Kurryn
John Nicholson,Robert de Orrey
John Nicholson,Henry Bekirton
Maurice Adalagh,Fergal O'Kurryn
Maurice Adalagh,Robert de Orrey
Maurice Adalagh,Henry Bekirton
Malachy Cam,Fergal O'Kurryn
Malachy Cam,Robert de Orrey
Malachy Cam,Henry Bekirton
John Glasmorgh,Fergal O'Kurryn
John Glasmorgh,Robert de Orrey
John Glasmorgh,Henry Bekirton
Tadhg O'Meagher,Tideman: Bishop of Llandaff
Tadhg O'Meagher,Robert: Bishop of Lismore and Waterford
Tadhg O'Meagher,John Holland
Tadhg O'Meagher,William Scrope
Turloch O'Conor Don,Tideman: Bishop of Llandaff
Turloch O'Conor Don,Robert: Bishop of Lismore and Waterford
Turloch O'Conor Don,John Holland
Turloch O'Conor Don,William Scrope
Turloch O'Conor Don,Robert: Archbishop of Dublin
Turloch O'Conor Don,Richard: Bishop of Chichester
Turloch O'Conor Don,Tideman: Bishop of Llandaff
Turloch O'Conor Don,Richard: Bishop of Ossory
Turloch O'Conor Don,Robert: Bishop of Lismore and Waterford
Turloch O'Conor Don,William O'Cormacan
Turloch O'Conor Don,Edward: Earl of Cork and Rutland
Turloch O'Conor Don,John Holland
Turloch O'Conor Don,Thomas Mowbray
Turloch O'Conor Don,John Boor
Turloch O'Conor Don,John Borghulle
Turloch O'Conor Don,Thomas Merke
Turloch O'Conor Don,Nicholas Slake
Turloch O'Conor Don,Thomas Merke
Tadhg MacCarthy Mor,Richard: Bishop of Chichester
Tadhg MacCarthy Mor,John Golafre
Tadhg MacCarthy Mor,Robert: Archbishop of Dublin
Tadhg MacCarthy Mor,Richard: Bishop of Chichester
Tadhg MacCarthy Mor,Tideman: Bishop of Llandaff
Tadhg MacCarthy Mor,Robert: Bishop of Lismore and Waterford
Tadhg MacCarthy Mor,Edward: Earl of Cork and Rutland
Tadhg MacCarthy Mor,John Holland
Tadhg MacCarthy Mor,William Scrope
Niall Og O'Neill,Thomas: Archbishop of York
Niall Og O'Neill,John: Archbishop of Armagh
Niall Og O'Neill,Robert: Bishop of London
Niall Og O'Neill,Richard: Bishop of Chichester
Niall Og O'Neill,Tideman: Bishop of Llandaff
Niall Og O'Neill,Thomas Mowbray
Niall Og O'Neill,Thomas Percy
Niall Og O'Neill,William Scrope
Niall Og O'Neill,William Scrope
Niall Og O'Neill,Baldwin Bereford
Niall Og O'Neill,John: Archbishop of Armagh
Niall Og O'Neill,Richard: Bishop of Chichester
Niall Og O'Neill,Tideman: Bishop of Llandaff
Niall Og O'Neill,Robert: Bishop of Lismore and Waterford
Maurice Magennis,Thomas: Archbishop of York
Maurice Magennis,Robert: Bishop of London
Maurice Magennis,Richard: Bishop of Chichester
Maurice Magennis,Tideman: Bishop of Llandaff
Maurice Magennis,Thomas Mowbray
Maurice Magennis,Thomas Percy
Maurice Magennis,William Scrope
Maurice Magennis,William Scrope
Maurice Magennis,Baldwin Bereford
Niall O'Hanlon,Thomas: Archbishop of York
Niall O'Hanlon,Robert: Bishop of London
Niall O'Hanlon,Richard: Bishop of Chichester
Niall O'Hanlon,Tideman: Bishop of Llandaff
Niall O'Hanlon,Thomas Mowbray
Niall O'Hanlon,Thomas Percy
Niall O'Hanlon,William Scrope
Adam Tobyn,Robert: Archbishop of Dublin
Adam Tobyn,Richard: Bishop of Chichester
Adam Tobyn,Tideman: Bishop of Llandaff
Adam Tobyn,Robert: Bishop of Lismore and Waterford
Maurice FitzMaurice,Robert: Archbishop of Dublin
Maurice FitzMaurice,Richard: Bishop of Chichester
Maurice FitzMaurice,Tideman: Bishop of Llandaff
Maurice FitzMaurice,Robert: Bishop of Lismore and Waterford
Maurice FitzMaurice,Edward: Earl of Cork and Rutland
Thomas MacShane,Robert: Archbishop of Dublin
Thomas MacShane,Richard: Bishop of Chichester
Thomas MacShane,Tideman: Bishop of Llandaff
Thomas MacShane,Robert: Bishop of Lismore and Waterford
Thomas MacShane,Edward: Earl of Cork and Rutland
William Barrett,Robert: Archbishop of Dublin
William Barrett,Richard: Bishop of Chichester
William Barrett,Tideman: Bishop of Llandaff
William Barrett,Robert: Bishop of Lismore and Waterford
William Barrett,Edward: Earl of Cork and Rutland
Maeduc Carragh Barrett,Robert: Archbishop of Dublin
Maeduc Carragh Barrett,Richard: Bishop of Chichester
Maeduc Carragh Barrett,Tideman: Bishop of Llandaff
Maeduc Carragh Barrett,Robert: Bishop of Lismore and Waterford
Maeduc Carragh Barrett,Edward: Earl of Cork and Rutland
Bernardus O'Brien,Richard Scrope
Bernardus O'Brien,William Arundel
Bernardus O'Brien,Richard: Bishop of Chichester
Bernardus O'Brien,Tideman: Bishop of Llandaff
Bernardus O'Brien,Robert: Bishop of Lismore and Waterford
Bernardus O'Brien,Thomas Mowbray
Bernardus O'Brien,Edward: Earl of Cork and Rutland
Bernardus O'Brien,James: Earl of Ormond
Bernardus O'Brien,William Scrope
Bernardus O'Brien,John Golafre
Thomas Mowbray,John: Bishop of Leighlin
Thomas Mowbray,John Golafre
Thomas Mowbray,Lawrence Verkerell
Thomas Mowbray,John Greyly
Thomas Mowbray,Galfredo Vale
Thomas Mowbray,David Wogan
Thomas Mowbray,William Faryndon
Thomas Mowbray,Thomas Clinton
Thomas Mowbray,Nicholas Langford
Thomas Mowbray,Thomas Ilketsale
Thomas Mowbray,Thomas Pykworth
Thomas Mowbray,Alan Penynton
Thomas Mowbray,John Brassebrig
Thomas Mowbray,Edward Perys
Thomas Mowbray,Walter Bytterly
Thomas Mowbray,Edmund Vale
Thomas Mowbray,William Drayton
Thomas Mowbray,John Drayton
Thomas Mowbray,Robert Ley
John Melton,John: Bishop of Leighlin
John Melton,John Golafre
John Melton,Lawrence Verkerell
John Melton,John Greyly
John Melton,Galfredo Vale
John Melton,David Wogan
John Melton,William Faryndon
John Melton,Thomas Clinton
John Melton,Nicholas Langford
John Melton,Thomas Ilketsale
John Melton,Thomas Pykworth
John Melton,Alan Penynton
John Melton,John Brassebrig
John Melton,Edward Perys
John Melton,Walter Bytterly
John Melton,Edmund Vale
John Melton,William Drayton
John Melton,John Drayton
John Melton,Robert Ley
Gerald O'Byrne,John: Bishop of Leighlin
Gerald O'Byrne,John Golafre
Gerald O'Byrne,Lawrence Verkerell
Gerald O'Byrne,John Greyly
Gerald O'Byrne,Galfredo Vale
Gerald O'Byrne,David Wogan
Gerald O'Byrne,William Faryndon
Gerald O'Byrne,Thomas Clinton
Gerald O'Byrne,Nicholas Langford
Gerald O'Byrne,Thomas Ilketsale
Gerald O'Byrne,Thomas Pykworth
Gerald O'Byrne,Alan Penynton
Gerald O'Byrne,John Brassebrig
Gerald O'Byrne,Edward Perys
Gerald O'Byrne,Walter Bytterly
Gerald O'Byrne,Edmund Vale
Gerald O'Byrne,William Drayton
Gerald O'Byrne,John Drayton
Gerald O'Byrne,Robert Ley
Malachy O'More,John: Bishop of Leighlin
Malachy O'More,John Golafre
Malachy O'More,Lawrence Verkerell
Malachy O'More,John Greyly
Malachy O'More,Galfredo Vale
Malachy O'More,David Wogan
Malachy O'More,William Faryndon
Malachy O'More,Thomas Clinton
Malachy O'More,Nicholas Langford
Malachy O'More,Thomas Ilketsale
Malachy O'More,Thomas Pykworth
Malachy O'More,Alan Penynton
Malachy O'More,John Brassebrig
Malachy O'More,Edward Perys
Malachy O'More,Walter Bytterly
Malachy O'More,Edmund Vale
Malachy O'More,William Drayton
Malachy O'More,John Drayton
Malachy O'More,Robert Ley
Malachy O'More,Richard: Bishop of Chichester
Malachy O'More,Tideman: Bishop of Llandaff
Malachy O'More,John Holland
Malachy O'More,Thomas Percy
Malachy O'More,William Scrope
Lughaidh Og O'More,John: Bishop of Leighlin
Lughaidh Og O'More,John Golafre
Lughaidh Og O'More,Lawrence Verkerell
Lughaidh Og O'More,John Greyly
Lughaidh Og O'More,Galfredo Vale
Lughaidh Og O'More,David Wogan
Lughaidh Og O'More,William Faryndon
Lughaidh Og O'More,Thomas Clinton
Lughaidh Og O'More,Nicholas Langford
Lughaidh Og O'More,Thomas Ilketsale
Lughaidh Og O'More,Thomas Pykworth
Lughaidh Og O'More,Alan Penynton
Lughaidh Og O'More,John Brassebrig
Lughaidh Og O'More,Edward Perys
Lughaidh Og O'More,Walter Bytterly
Lughaidh Og O'More,Edmund Vale
Lughaidh Og O'More,William Drayton
Lughaidh Og O'More,John Drayton
Lughaidh Og O'More,Robert Ley
Shane O'More,John: Bishop of Leighlin
Shane O'More,John Golafre
Shane O'More,Lawrence Verkerell
Shane O'More,John Greyly
Shane O'More,Galfredo Vale
Shane O'More,David Wogan
Shane O'More,William Faryndon
Shane O'More,Thomas Clinton
Shane O'More,Nicholas Langford
Shane O'More,Thomas Ilketsale
Shane O'More,Thomas Pykworth
Shane O'More,Alan Penynton
Shane O'More,John Brassebrig
Shane O'More,Edward Perys
Shane O'More,Walter Bytterly
Shane O'More,Edmund Vale
Shane O'More,William Drayton
Shane O'More,John Drayton
Shane O'More,Robert Ley
Art Og MacMurrough,John: Bishop of Leighlin
Art Og MacMurrough,John Golafre
Art Og MacMurrough,Lawrence Verkerell
Art Og MacMurrough,John Greyly
Art Og MacMurrough,Galfredo Vale
Art Og MacMurrough,David Wogan
Art Og MacMurrough,William Faryndon
Art Og MacMurrough,Thomas Clinton
Art Og MacMurrough,Nicholas Langford
Art Og MacMurrough,Thomas Ilketsale
Art Og MacMurrough,Thomas Pykworth
Art Og MacMurrough,Alan Penynton
Art Og MacMurrough,John Brassebrig
Art Og MacMurrough,Edward Perys
Art Og MacMurrough,Walter Bytterly
Art Og MacMurrough,Edmund Vale
Art Og MacMurrough,William Drayton
Art Og MacMurrough,John Drayton
Art Og MacMurrough,Robert Ley
Art Og MacMurrough,Fergal O'Kurryn
Art Og MacMurrough,Robert Shortal
Art Og MacMurrough,John Saykyn
Murchadh O'Conor Faly,John: Bishop of Leighlin
Murchadh O'Conor Faly,John Golafre
Murchadh O'Conor Faly,Lawrence Verkerell
Murchadh O'Conor Faly,John Greyly
Murchadh O'Conor Faly,Galfredo Vale
Murchadh O'Conor Faly,David Wogan
Murchadh O'Conor Faly,William Faryndon
Murchadh O'Conor Faly,Thomas Clinton
Murchadh O'Conor Faly,Nicholas Langford
Murchadh O'Conor Faly,Thomas Ilketsale
Murchadh O'Conor Faly,Thomas Pykworth
Murchadh O'Conor Faly,Alan Penynton
Murchadh O'Conor Faly,John Brassebrig
Murchadh O'Conor Faly,Edward Perys
Murchadh O'Conor Faly,Walter Bytterly
Murchadh O'Conor Faly,Edmund Vale
Murchadh O'Conor Faly,William Drayton
Murchadh O'Conor Faly,John Drayton
Murchadh O'Conor Faly,Robert Ley
Murchadh O'Conor Faly,Richard: Bishop of Chichester
Murchadh O'Conor Faly,Tideman: Bishop of Llandaff
Murchadh O'Conor Faly,William Scrope
Murchadh O'Conor Faly,Hugh Lutterell
David Mor MacManus,John: Bishop of Leighlin
David Mor MacManus,John Golafre
David Mor MacManus,Lawrence Verkerell
David Mor MacManus,John Greyly
David Mor MacManus,Galfredo Vale
David Mor MacManus,David Wogan
David Mor MacManus,William Faryndon
David Mor MacManus,Thomas Clinton
David Mor MacManus,Nicholas Langford
David Mor MacManus,Thomas Ilketsale
David Mor MacManus,Thomas Pykworth
David Mor MacManus,Alan Penynton
David Mor MacManus,John Brassebrig
David Mor MacManus,Edward Perys
David Mor MacManus,Walter Bytterly
David Mor MacManus,Edmund Vale
David Mor MacManus,William Drayton
David Mor MacManus,John Drayton
David Mor MacManus,Robert Ley
E. MacGerailt,John: Bishop of Leighlin
E. MacGerailt,John Golafre
E. MacGerailt,Lawrence Verkerell
E. MacGerailt,John Greyly
E. MacGerailt,Galfredo Vale
E. MacGerailt,David Wogan
E. MacGerailt,William Faryndon
E. MacGerailt,Thomas Clinton
E. MacGerailt,Nicholas Langford
E. MacGerailt,Thomas Ilketsale
E. MacGerailt,Thomas Pykworth
E. MacGerailt,Alan Penynton
E. MacGerailt,John Brassebrig
E. MacGerailt,Edward Perys
E. MacGerailt,Walter Bytterly
E. MacGerailt,Edmund Vale
E. MacGerailt,William Drayton
E. MacGerailt,John Drayton
E. MacGerailt,Robert Ley
Geoffrey O'Brenan,John: Bishop of Leighlin
Geoffrey O'Brenan,John Golafre
Geoffrey O'Brenan,Lawrence Verkerell
Geoffrey O'Brenan,John Greyly
Geoffrey O'Brenan,Galfredo Vale
Geoffrey O'Brenan,David Wogan
Geoffrey O'Brenan,William Faryndon
Geoffrey O'Brenan,Thomas Clinton
Geoffrey O'Brenan,Nicholas Langford
Geoffrey O'Brenan,Thomas Ilketsale
Geoffrey O'Brenan,Thomas Pykworth
Geoffrey O'Brenan,Alan Penynton
Geoffrey O'Brenan,John Brassebrig
Geoffrey O'Brenan,Edward Perys
Geoffrey O'Brenan,Walter Bytterly
Geoffrey O'Brenan,Edmund Vale
Geoffrey O'Brenan,William Drayton
Geoffrey O'Brenan,John Drayton
Geoffrey O'Brenan,Robert Ley
Finghin MacGillapatrick,John: Bishop of Leighlin
Finghin MacGillapatrick,John Golafre
Finghin MacGillapatrick,Lawrence Verkerell
Finghin MacGillapatrick,John Greyly
Finghin MacGillapatrick,Galfredo Vale
Finghin MacGillapatrick,David Wogan
Finghin MacGillapatrick,William Faryndon
Finghin MacGillapatrick,Thomas Clinton
Finghin MacGillapatrick,Nicholas Langford
Finghin MacGillapatrick,Thomas Ilketsale
Finghin MacGillapatrick,Thomas Pykworth
Finghin MacGillapatrick,Alan Penynton
Finghin MacGillapatrick,John Brassebrig
Finghin MacGillapatrick,Edward Perys
Finghin MacGillapatrick,Walter Bytterly
Finghin MacGillapatrick,Edmund Vale
Finghin MacGillapatrick,William Drayton
Finghin MacGillapatrick,John Drayton
Finghin MacGillapatrick,Robert Ley
Henry Talon,John: Bishop of Leighlin
Henry Talon,John Golafre
Henry Talon,Lawrence Verkerell
Henry Talon,John Greyly
Henry Talon,Galfredo Vale
Henry Talon,David Wogan
Henry Talon,William Faryndon
Henry Talon,Thomas Clinton
Henry Talon,Nicholas Langford
Henry Talon,Thomas Ilketsale
Henry Talon,Thomas Pykworth
Henry Talon,Alan Penynton
Henry Talon,John Brassebrig
Henry Talon,Edward Perys
Henry Talon,Walter Bytterly
Henry Talon,Edmund Vale
Henry Talon,William Drayton
Henry Talon,John Drayton
Henry Talon,Robert Ley
Thomas Carragh Kavanagh,John: Bishop of Leighlin
Thomas Carragh Kavanagh,John Golafre
Thomas Carragh Kavanagh,Lawrence Verkerell
Thomas Carragh Kavanagh,John Greyly
Thomas Carragh Kavanagh,Galfredo Vale
Thomas Carragh Kavanagh,David Wogan
Thomas Carragh Kavanagh,William Faryndon
Thomas Carragh Kavanagh,Thomas Clinton
Thomas Carragh Kavanagh,Nicholas Langford
Thomas Carragh Kavanagh,Thomas Ilketsale
Thomas Carragh Kavanagh,Thomas Pykworth
Thomas Carragh Kavanagh,Alan Penynton
Thomas Carragh Kavanagh,John Brassebrig
Thomas Carragh Kavanagh,Edward Perys
Thomas Carragh Kavanagh,Walter Bytterly
Thomas Carragh Kavanagh,Edmund Vale
Thomas Carragh Kavanagh,William Drayton
Thomas Carragh Kavanagh,John Drayton
Thomas Carragh Kavanagh,Robert Ley
Thomas Carragh Kavanagh,Richard: Bishop of Chichester
Thomas Carragh Kavanagh,Tideman: Bishop of Llandaff
Thomas Carragh Kavanagh,John Holland
Thomas Carragh Kavanagh,Thomas Percy
Thomas Carragh Kavanagh,William Scrope
Shane O'Nolan,John: Bishop of Leighlin
Shane O'Nolan,John Golafre
Shane O'Nolan,Lawrence Verkerell
Shane O'Nolan,John Greyly
Shane O'Nolan,Galfredo Vale
Shane O'Nolan,David Wogan
Shane O'Nolan,William Faryndon
Shane O'Nolan,Thomas Clinton
Shane O'Nolan,Nicholas Langford
Shane O'Nolan,Thomas Ilketsale
Shane O'Nolan,Thomas Pykworth
Shane O'Nolan,Alan Penynton
Shane O'Nolan,John Brassebrig
Shane O'Nolan,Edward Perys
Shane O'Nolan,Walter Bytterly
Shane O'Nolan,Edmund Vale
Shane O'Nolan,William Drayton
Shane O'Nolan,John Drayton
Shane O'Nolan,Robert Ley
Leynagh Fersson O'Conor,John: Bishop of Leighlin
Leynagh Fersson O'Conor,John Golafre
Leynagh Fersson O'Conor,Lawrence Verkerell
Leynagh Fersson O'Conor,John Greyly
Leynagh Fersson O'Conor,Galfredo Vale
Leynagh Fersson O'Conor,David Wogan
Leynagh Fersson O'Conor,William Faryndon
Leynagh Fersson O'Conor,Thomas Clinton
Leynagh Fersson O'Conor,Nicholas Langford
Leynagh Fersson O'Conor,Thomas Ilketsale
Leynagh Fersson O'Conor,Thomas Pykworth
Leynagh Fersson O'Conor,Alan Penynton
Leynagh Fersson O'Conor,John Brassebrig
Leynagh Fersson O'Conor,Edward Perys
Leynagh Fersson O'Conor,Walter Bytterly
Leynagh Fersson O'Conor,Edmund Vale
Leynagh Fersson O'Conor,William Drayton
Leynagh Fersson O'Conor,John Drayton
Leynagh Fersson O'Conor,Robert Ley
O'Toole,John: Bishop of Leighlin
O'Toole,John Golafre
O'Toole,Lawrence Verkerell
O'Toole,John Greyly
O'Toole,Galfredo Vale
O'Toole,David Wogan
O'Toole,William Faryndon
O'Toole,Thomas Clinton
O'Toole,Nicholas Langford
O'Toole,Thomas Ilketsale
O'Toole,Thomas Pykworth
O'Toole,Alan Penynton
O'Toole,John Brassebrig
O'Toole,Edward Perys
O'Toole,Walter Bytterly
O'Toole,Edmund Vale
O'Toole,William Drayton
O'Toole,John Drayton
O'Toole,Robert Ley
O'Toole,Richard: Bishop of Chichester
O'Toole,Tideman: Bishop of Llandaff
O'Toole,John Holland
O'Toole,Thomas Percy
O'Toole,William Scrope
William de Burgo,Robert: Archbishop of Dublin
William de Burgo,Richard: Bishop of Chichester
William de Burgo,Tideman: Bishop of Llandaff
William de Burgo,Richard: Bishop of Ossory
William de Burgo,Robert: Bishop of Lismore and Waterford
William de Burgo,William O'Cormacan
William de Burgo,Edward: Earl of Cork and Rutland
William de Burgo,John Holland
William de Burgo,Thomas Mowbray
William de Burgo,John Boor
William de Burgo,John Borghulle
William de Burgo,Thomas Merke
Bernard O'Brien,Robert: Archbishop of Dublin
Bernard O'Brien,Richard: Bishop of Chichester
Bernard O'Brien,Tideman: Bishop of Llandaff
Bernard O'Brien,Richard: Bishop of Ossory
Bernard O'Brien,Robert: Bishop of Lismore and Waterford
Bernard O'Brien,William O'Cormacan
Bernard O'Brien,Edward: Earl of Cork and Rutland
Bernard O'Brien,John Holland
Bernard O'Brien,Thomas Mowbray
Dormicius O'Brien,Robert: Archbishop of Dublin
Dormicius O'Brien,Richard: Bishop of Chichester
Dormicius O'Brien,Tideman: Bishop of Llandaff
Dormicius O'Brien,Richard: Bishop of Ossory
Dormicius O'Brien,Robert: Bishop of Lismore and Waterford
Dormicius O'Brien,William O'Cormacan
Dormicius O'Brien,Edward: Earl of Cork and Rutland
Dormicius O'Brien,John Holland
Dormicius O'Brien,Thomas Mowbray
Odo O'Kennedy Finn,Robert: Archbishop of Dublin
Odo O'Kennedy Finn,Richard: Bishop of Chichester
Odo O'Kennedy Finn,Tideman: Bishop of Llandaff
Odo O'Kennedy Finn,Richard: Bishop of Ossory
Odo O'Kennedy Finn,Robert: Bishop of Lismore and Waterford
Odo O'Kennedy Finn,William O'Cormacan
Odo O'Kennedy Finn,Edward: Earl of Cork and Rutland
Odo O'Kennedy Finn,John Holland
Odo O'Kennedy Finn,Thomas Mowbray
Thomas O'Kennedy Don,Robert: Archbishop of Dublin
Thomas O'Kennedy Don,Richard: Bishop of Chichester
Thomas O'Kennedy Don,Tideman: Bishop of Llandaff
Thomas O'Kennedy Don,Richard: Bishop of Ossory
Thomas O'Kennedy Don,Robert: Bishop of Lismore and Waterford
Thomas O'Kennedy Don,William O'Cormacan
Thomas O'Kennedy Don,Edward: Earl of Cork and Rutland
Thomas O'Kennedy Don,John Holland
Thomas O'Kennedy Don,Thomas Mowbray
Theobald FitzWalter,Robert: Archbishop of Dublin
Theobald FitzWalter,Richard: Bishop of Chichester
Theobald FitzWalter,Tideman: Bishop of Llandaff
Theobald FitzWalter,Richard: Bishop of Ossory
Theobald FitzWalter,Robert: Bishop of Lismore and Waterford
Theobald FitzWalter,William O'Cormacan
Theobald FitzWalter,Edward: Earl of Cork and Rutland
Theobald FitzWalter,John Holland
Theobald FitzWalter,Thomas Mowbray
David Gall Burke,Robert: Archbishop of Dublin
David Gall Burke,Richard: Bishop of Chichester
David Gall Burke,Tideman: Bishop of Llandaff
David Gall Burke,Richard: Bishop of Ossory
David Gall Burke,Robert: Bishop of Lismore and Waterford
David Gall Burke,William O'Cormacan
David Gall Burke,Edward: Earl of Cork and Rutland
David Gall Burke,John Holland
David Gall Burke,Thomas Mowbray
Tadhg O'Carroll,Robert: Archbishop of Dublin
Tadhg O'Carroll,Peter: Archbishop of Cashel
Tadhg O'Carroll,Richard: Bishop of Chichester
Tadhg O'Carroll,Tideman: Bishop of Llandaff
Tadhg O'Carroll,Alexander: Bishop of Meath
Tadhg O'Carroll,Robert: Bishop of Lismore and Waterford
Tadhg O'Carroll,Richard: Bishop of Ossory
Tadhg O'Carroll,Thomas: Bishop of Elphin
Tadhg O'Carroll,John: Bishop of Leighlin
Tadhg O'Carroll,Miles: Bishop of Cloyne
Tadhg O'Carroll,Edward: Earl of Cork and Rutland
Tadhg O'Carroll,Roger: Earl of March and Ulster
Tadhg O'Carroll,John Holland
Tadhg O'Carroll,Robert: Archbishop of Dublin
Tadhg O'Carroll,Thomas Merke
Tadhg O'Kelly,Robert: Archbishop of Dublin
Tadhg O'Kelly,Peter: Archbishop of Cashel
Tadhg O'Kelly,Richard: Bishop of Chichester
Tadhg O'Kelly,Tideman: Bishop of Llandaff
Tadhg O'Kelly,Alexander: Bishop of Meath
Tadhg O'Kelly,Robert: Bishop of Lismore and Waterford
Tadhg O'Kelly,Richard: Bishop of Ossory
Tadhg O'Kelly,Thomas: Bishop of Elphin
Tadhg O'Kelly,John: Bishop of Leighlin
Tadhg O'Kelly,Miles: Bishop of Cloyne
Tadhg O'Kelly,Edward: Earl of Cork and Rutland
Tadhg O'Kelly,Roger: Earl of March and Ulster
Tadhg O'Kelly,John Holland
William O'Carroll,Robert: Archbishop of Dublin
William O'Carroll,Thomas Merke
Cologh Magennis,Thomas: Archbishop of York
Cologh Magennis,Robert: Bishop of London
Cologh Magennis,Richard: Bishop of Chichester
Cologh Magennis,Thomas Percy
Cologh Magennis,William Scrope
Adam MacGilmore,Thomas: Archbishop of York
Adam MacGilmore,Robert: Bishop of London
Adam MacGilmore,Richard: Bishop of Chichester
Adam MacGilmore,Thomas Percy
Adam MacGilmore,William Scrope
Philip MacMahon,Thomas: Archbishop of York
Philip MacMahon,Robert: Bishop of London
Philip MacMahon,Richard: Bishop of Chichester
Philip MacMahon,Thomas Percy
Philip MacMahon,William Scrope
MacCabe,Thomas: Archbishop of York
MacCabe,Robert: Bishop of London
MacCabe,Richard: Bishop of Chichester
MacCabe,Thomas Percy
MacCabe,William Scrope
Odo MacMahon,Thomas: Archbishop of York
Odo MacMahon,Robert: Bishop of London
Odo MacMahon,Richard: Bishop of Chichester
Odo MacMahon,Thomas Percy
Odo MacMahon,William Scrope
Walter Bermingham,John Boor
Walter Bermingham,John Borghulle
Walter Bermingham,Thomas Merke
Tuathal O'Kelly,Richard: Bishop of Chichester
Tuathal O'Kelly,Tideman: Bishop of Llandaff
Tuathal O'Kelly,John Holland
Tuathal O'Kelly,Thomas Percy
Tuathal O'Kelly,William Scrope
Philip O'Kelly,Richard: Bishop of Chichester
Philip O'Kelly,Tideman: Bishop of Llandaff
Philip O'Kelly,John Holland
Philip O'Kelly,Thomas Percy
Philip O'Kelly,William Scrope
Murchadh Ban O'Farrell,Thomas: Archbishop of York
Murchadh Ban O'Farrell,Robert: Bishop of London
Murchadh Ban O'Farrell,Richard: Bishop of Chichester
Murchadh Ban O'Farrell,Thomas Percy
Murchadh Ban O'Farrell,William Stormy
Murchadh Ban O'Farrell,John Roche
Ross O'Farrell,Thomas: Archbishop of York
Ross O'Farrell,Robert: Bishop of London
Ross O'Farrell,Richard: Bishop of Chichester
Ross O'Farrell,Thomas Percy
Ross O'Farrell,William Stormy
Ross O'Farrell,John Roche
Melaghlin Mageoghegan,Thomas: Archbishop of York
Melaghlin Mageoghegan,Robert: Bishop of London
Melaghlin Mageoghegan,Richard: Bishop of Chichester
Melaghlin Mageoghegan,Thomas Percy
Melaghlin Mageoghegan,William Stormy
Melaghlin Mageoghegan,John Roche
Niall O'Molloy,Thomas: Archbishop of York
Niall O'Molloy,Robert: Bishop of London
Niall O'Molloy,Richard: Bishop of Chichester
Niall O'Molloy,Thomas Percy
Niall O'Molloy,William Stormy
Niall O'Molloy,John Roche
Niall O'Molloy,Richard: Bishop of Chichester
Niall O'Molloy,Tideman: Bishop of Llandaff
Niall O'Molloy,Miles: Bishop of Cloyne
Niall O'Molloy,Robert: Bishop of Lismore and Waterford
Niall O'Molloy,William O'Cormacan
Niall O'Molloy,Roger: Earl of March and Ulster
Niall O'Molloy,Thomas Mowbray
Niall O'Molloy,John Holland
Shane MacMahon,Richard: Bishop of Chichester
Shane MacMahon,Tideman: Bishop of Llandaff
Shane MacMahon,William Scrope
Shane MacMahon,Hugh Lutterell
Dermot O'Conor,Tideman: Bishop of Llandaff
Dermot O'Conor,Robert: Bishop of Lismore and Waterford
Dermot O'Conor,John Holland
Dermot O'Conor,William Scrope
Cormac O'Melaghlin,Tideman: Bishop of Llandaff
Cormac O'Melaghlin,Robert: Bishop of Lismore and Waterford
Cormac O'Melaghlin,John Holland
Cormac O'Melaghlin,William Scrope
David Mor O'Murchadha,Richard: Bishop of Chichester
David Mor O'Murchadha,Tideman: Bishop of Llandaff
David Mor O'Murchadha,John Holland
David Mor O'Murchadha,Thomas Percy
David Mor O'Murchadha,William Scrope
Gillapatrick Rua O'More,Richard: Bishop of Chichester
Gillapatrick Rua O'More,Tideman: Bishop of Llandaff
Gillapatrick Rua O'More,John Holland
Gillapatrick Rua O'More,Thomas Percy
Gillapatrick Rua O'More,William Scrope
Donal O'Nolan,Richard: Bishop of Chichester
Donal O'Nolan,Tideman: Bishop of Llandaff
Donal O'Nolan,John Holland
Donal O'Nolan,Thomas Percy
Donal O'Nolan,William Scrope
Niall O'Neill,John: Archbishop of Armagh
Niall O'Neill,Richard: Bishop of Chichester
Niall O'Neill,Tideman: Bishop of Llandaff
Niall O'Neill,Robert: Bishop of Lismore and Waterford
Donal MacCarthy,Robert: Archbishop of Dublin
Donal MacCarthy,Richard: Bishop of Chichester
Donal MacCarthy,Tideman: Bishop of Llandaff
Donal MacCarthy,Robert: Bishop of Lismore and Waterford
Donal MacCarthy,Edward: Earl of Cork and Rutland
Donal MacCarthy,John Holland
Donal MacCarthy,William Scrope
Malachy O'Kelly,Tideman: Bishop of Llandaff
Malachy O'Kelly,William Scrope
Turloch O'Brien,Richard: Bishop of Chichester
Turloch O'Brien,Tideman: Bishop of Llandaff
Turloch O'Brien,Miles: Bishop of Cloyne
Turloch O'Brien,Robert: Bishop of Lismore and Waterford
Turloch O'Brien,William O'Cormacan
Turloch O'Brien,Roger: Earl of March and Ulster
Turloch O'Brien,Thomas Mowbray
Turloch O'Brien,John Holland
Thomas O'Dwyer,Richard: Bishop of Chichester
Thomas O'Dwyer,Tideman: Bishop of Llandaff
Thomas O'Dwyer,Miles: Bishop of Cloyne
Thomas O'Dwyer,Robert: Bishop of Lismore and Waterford
Thomas O'Dwyer,William O'Cormacan
Thomas O'Dwyer,Roger: Earl of March and Ulster
Thomas O'Dwyer,Thomas Mowbray
Thomas O'Dwyer,John Holland
Philip O'Kennedy,Richard: Bishop of Chichester
Philip O'Kennedy,Tideman: Bishop of Llandaff
Philip O'Kennedy,Miles: Bishop of Cloyne
Philip O'Kennedy,Robert: Bishop of Lismore and Waterford
Philip O'Kennedy,William O'Cormacan
Philip O'Kennedy,Roger: Earl of March and Ulster
Philip O'Kennedy,Thomas Mowbray
Philip O'Kennedy,John Holland
Cormac [Dermot] MacCarthy,Robert: Archbishop of Dublin
Cormac [Dermot] MacCarthy,Richard: Bishop of Chichester
Cormac [Dermot] MacCarthy,Tideman: Bishop of Llandaff
Cormac [Dermot] MacCarthy,Robert: Bishop of Lismore and Waterford
Cormac [Dermot] MacCarthy,Edward: Earl of Cork and Rutland
Cormac [Dermot] MacCarthy,John Holland
Cormac [Donal] MacCarthy,Robert: Archbishop of Dublin
Cormac [Donal] MacCarthy,Richard: Bishop of Chichester
Cormac [Donal] MacCarthy,Tideman: Bishop of Llandaff
Cormac [Donal] MacCarthy,Robert: Bishop of Lismore and Waterford
Cormac [Donal] MacCarthy,Edward: Earl of Cork and Rutland
Cormac [Donal] MacCarthy,John Holland
Donal Morghysson,Robert: Bishop of Lismore and Waterford
Donal Morghysson,William de Angel
Donal Morghysson,William Clynton
Magawley,Thomas: Archbishop of York
Magawley,Robert: Bishop of London
Magawley,Richard: Bishop of Chichester
Magawley,Thomas Mowbray
Magawley,Thomas Percy
Magawley,William Stormy
Magawley,John Roche
Muirchertach Mageoghegan,Thomas: Archbishop of York
Muirchertach Mageoghegan,Robert: Bishop of London
Muirchertach Mageoghegan,Richard: Bishop of Chichester
Muirchertach Mageoghegan,Thomas Mowbray
Muirchertach Mageoghegan,Thomas Percy
Muirchertach Mageoghegan,William Stormy
Muirchertach Mageoghegan,John Roche
Schynagh,Thomas: Archbishop of York
Schynagh,Robert: Bishop of London
Schynagh,Richard: Bishop of Chichester
Schynagh,Thomas Mowbray
Schynagh,Thomas Percy
Schynagh,William Stormy
Schynagh,John Roche
Thomas MacHegh,Thomas: Archbishop of York
Thomas MacHegh,Robert: Bishop of London
Thomas MacHegh,Richard: Bishop of Chichester
Thomas MacHegh,Thomas Mowbray
Thomas MacHegh,Thomas Percy
Thomas MacHegh,William Stormy
Thomas MacHegh,John Roche
Conor O'Melaghlin,Thomas: Archbishop of York
Conor O'Melaghlin,Robert: Bishop of London
Conor O'Melaghlin,Richard: Bishop of Chichester
Conor O'Melaghlin,Thomas Mowbray
Conor O'Melaghlin,Thomas Percy
Conor O'Melaghlin,William Stormy
Conor O'Melaghlin,John Roche
Conor O'Melaghlin,Tideman: Bishop of Llandaff
Gilla-Isa O'Reilly,Thomas: Archbishop of York
Gilla-Isa O'Reilly,Robert: Bishop of London
Gilla-Isa O'Reilly,Richard: Bishop of Chichester
Gilla-Isa O'Reilly,Thomas Mowbray
Gilla-Isa O'Reilly,Thomas Percy
Gilla-Isa O'Reilly,William Stormy
Gilla-Isa O'Reilly,John Roche
Gilla-Isa O'Reilly,Tideman: Bishop of Llandaff
Maolmuire O'Reilly,Thomas: Archbishop of York
Maolmuire O'Reilly,Robert: Bishop of London
Maolmuire O'Reilly,Richard: Bishop of Chichester
Maolmuire O'Reilly,Thomas Mowbray
Maolmuire O'Reilly,Thomas Percy
Maolmuire O'Reilly,William Stormy
Maolmuire O'Reilly,John Roche
Maolmuire O'Reilly,Tideman: Bishop of Llandaff
Thomas O'Farrell,Thomas: Archbishop of York
Thomas O'Farrell,Robert: Bishop of London
Thomas O'Farrell,Richard: Bishop of Chichester
Thomas O'Farrell,Thomas Mowbray
Thomas O'Farrell,Thomas Percy
Thomas O'Farrell,William Stormy
Thomas O'Farrell,John Roche
Thomas O'Farrell,Tideman: Bishop of Llandaff